,filter_options,id,configuration,provider_experiment_id,clients_options,product,success_variation,clients,name,experiment_event_start,archive,status,variations,provider_id,date_end,date_start
0,"{""metrics"": [], ""version"": ""0"", ""explosure"": ""dim_has_participated"", ""dim_source"": [""ALL""], ""dim_country"": [""ALL""], ""dim_platform"": [""ALL""], ""ratio_metrics"": {""num"": [], ""denum"": [], ""method"": ""linear""}, ""dim_device_type"": [""ALL""], ""dim_is_new_user"": [""ALL""], ""dim_is_authorised"": [""ALL""], ""is_outlayer_filter"": [0, 0], ""exp_calc_start_date"": """", ""dim_has_participated"": [""0"", ""1""], ""dim_has_subscription"": [""ALL""], ""dim_experiment_variation"": [""1"", ""2"", ""3"", ""4"", ""5""]}",4864,,,,MU,0,"[""MS_IOS""]",PRODUCT. App. Mp3 button visibility,,0,1,2,0,1718886467,1718908486
1,,4759,,6630d33d348d486642683674,,MU,0,"[""MS_WEB"", ""MS_IOS"", ""MS_ANDROID""]",Imported experiment [BLOOMREACH/6630d33d348d486642683674],,0,1,2,1,0,1714495307
2,"""""",3598,,,"{""MS_IOS"": [[""country"", [""AU""]]], ""MS_ANDROID"": [[""country"", [""AU""]]]}",MU,0,"[""MS_ANDROID"", ""MS_IOS""]",AA Experiment Localisation Australia,,0,1,2,0,0,1695373844
3,"{""metrics"": []}",5010,,66acf04ff0f8b449fa540e65,,UG,0,"[""UG_WEB"", ""UGT_IOS"", ""UG_IOS"", ""UGT_ANDROID"", ""UG_ANDROID""]",A/B decades 60s promotion for Nonpaying mix users 4.08.24,,0,1,2,1,0,1722783836
4,"{""metrics"": []}",5016,,6685a0effb3a6208809c1eee,,UG,0,"[""UG_WEB"", ""UGT_IOS"", ""UG_IOS"", ""UGT_ANDROID"", ""UG_ANDROID""]",A/B decades 90s promotion for paying users 4.08.24,,0,1,2,1,0,1722787344
5,,5062,,66a79f09de25f691e08017d5,,MU,0,"[""MS_WEB"", ""MS_IOS"", ""MS_ANDROID""]",Imported experiment [BLOOMREACH/66a79f09de25f691e08017d5],,0,1,2,1,0,1722615370
6,"{""metrics"": [], ""version"": ""0"", ""explosure"": ""dim_has_participated"", ""dim_source"": [""ALL""], ""dim_country"": [""ALL""], ""dim_platform"": [""ALL""], ""ratio_metrics"": {""num"": [], ""denum"": [], ""method"": ""linear""}, ""dim_device_type"": [""ALL""], ""dim_is_new_user"": [""ALL""], ""dim_is_authorised"": [""ALL""], ""is_outlayer_filter"": [0, 0], ""exp_calc_start_date"": """", ""dim_has_participated"": [""0"", ""1""], ""dim_has_subscription"": [""ALL""], ""dim_experiment_variation"": [""1"", ""2"", ""3"", ""4"", ""5""]}",4963,,,,MU,0,"[""MS_ANDROID"", ""MS_IOS""]",PRODUCT. App. Browse Main Page Redesign,,0,1,2,0,1721235498,1722435837
7,,5008,,669fa3ed729ab26d63a4d804,,MU,0,"[""MS_WEB"", ""MS_IOS"", ""MS_ANDROID""]",Imported experiment [BLOOMREACH/669fa3ed729ab26d63a4d804],,0,1,2,1,0,1721751353
8,"{""metrics"": [], ""version"": ""0"", ""explosure"": ""dim_has_participated"", ""dim_source"": [""ALL""], ""dim_country"": [""ALL""], ""dim_platform"": [""ALL""], ""ratio_metrics"": {""num"": [], ""denum"": [], ""method"": ""linear""}, ""dim_device_type"": [""ALL""], ""dim_is_new_user"": [""ALL""], ""dim_is_authorised"": [""ALL""], ""is_outlayer_filter"": [0, 0], ""exp_calc_start_date"": """", ""dim_has_participated"": [""0"", ""1""], ""dim_has_subscription"": [""ALL""], ""dim_experiment_variation"": [""1"", ""2"", ""3"", ""4"", ""5""]}",5047,,,,MU,0,"[""MS_WEB""]",MONEY. MU Web. Raising prices for active subscribers — STRIPE RELEASE,,0,1,3,0,0,1722584798
9,"{""metrics"": [], ""version"": ""0"", ""explosure"": ""dim_has_participated"", ""dim_source"": [""ALL""], ""dim_country"": [""ALL""], ""dim_platform"": [""ALL""], ""ratio_metrics"": {""num"": [], ""denum"": [], ""method"": ""linear""}, ""dim_device_type"": [""ALL""], ""dim_is_new_user"": [""ALL""], ""dim_is_authorised"": [""ALL""], ""is_outlayer_filter"": [0, 0], ""exp_calc_start_date"": """", ""dim_has_participated"": [""0"", ""1""], ""dim_has_subscription"": [""ALL""], ""dim_experiment_variation"": [""1"", ""2"", ""3"", ""4"", ""5""]}",5074,,,,MU,0,"[""MS_ANDROID""]",MONEY. APP. Android. Back to school,,0,1,2,0,0,1723029116
10,,4567,,65f479bd2d39d5c0b72b080d,,MU,0,"[""MS_WEB"", ""MS_IOS"", ""MS_ANDROID""]",Imported experiment [BLOOMREACH/65f479bd2d39d5c0b72b080d],,0,1,2,1,0,1710589841
11,"{""metrics"": [], ""version"": ""0"", ""explosure"": """", ""dim_is_bot"": [""ALL""], ""dim_source"": [""UG_BLOOMREACH"", ""UGT_IOS"", ""UGT_ANDROID"", ""UG_WEB"", ""UGT_HUAWEI"", ""UG_IOS"", ""UG_ANDROID""], ""dim_country"": [""ALL""], ""dim_platform"": [""0"", ""1"", ""2"", ""3"", ""4""], ""dim_utm_term"": [""ALL""], ""ratio_metrics"": {""num"": [], ""denum"": [], ""method"": ""linear""}, ""dim_edu_rights"": [""ALL""], ""dim_edu_status"": [""ALL""], ""dim_pro_rights"": [""ALL""], ""dim_pro_status"": [""ALL""], ""dim_utm_medium"": [""ALL""], ""dim_utm_source"": [""ALL""], ""dim_sing_rights"": [""ALL""], ""dim_sing_status"": [""ALL""], ""dim_source_type"": [""ALL""], ""dim_utm_content"": [""ALL""], ""dim_utm_campaign"": [""ALL""], ""dim_source_screen"": [""ALL""], ""dim_bm_action_name"": [""ALL""], ""dim_bm_campaign_id"": [""ALL""], ""is_outlayer_filter"": [0, 0], ""exp_calc_start_date"": """", ""dim_bm_campaign_name"": [""ALL""], ""dim_user_autorization"": [""ALL""], ""dim_experiment_provider"": [""ALL""], ""dim_experiment_variation"": [""1"", ""2"", ""3"", ""4"", ""5""]}",4899,,,,UG,0,"[""UGT_ANDROID"", ""UGT_IOS""]",[UG Product] UG App. Explore Elasticsearch,xxx,0,1,2,0,1721224265,1721226665
12,"""""",3610,,,"{""MS_IOS"": [[""country"", [""VN""]]], ""MS_ANDROID"": [[""country"", [""VN""]]]}",MU,0,"[""MS_ANDROID"", ""MS_IOS""]",AA Experiment Localisation Vietnam,,0,1,2,0,0,1695373819
13,,4981,,6696479ee7b3625b1a59bd31,,MU,0,"[""MS_WEB"", ""MS_IOS"", ""MS_ANDROID""]",Imported experiment [BLOOMREACH/6696479ee7b3625b1a59bd31],,0,1,2,1,0,1721145969
14,"{""metrics"": [], ""version"": ""0"", ""explosure"": ""dim_has_participated"", ""dim_source"": [""ALL""], ""dim_country"": [""ALL""], ""dim_platform"": [""ALL""], ""ratio_metrics"": {""num"": [], ""denum"": [], ""method"": ""linear""}, ""dim_device_type"": [""ALL""], ""dim_is_new_user"": [""ALL""], ""dim_is_authorised"": [""ALL""], ""is_outlayer_filter"": [0, 0], ""exp_calc_start_date"": """", ""dim_has_participated"": [""0"", ""1""], ""dim_has_subscription"": [""ALL""], ""dim_experiment_variation"": [""1"", ""2"", ""3"", ""4"", ""5""]}",4960,,,,MU,0,"[""MS_WEB""]",MONEY. MU All. Winback messages to include info when user lost full access,,0,1,3,0,0,1721375860
15,,4009,,65a92f349d1c9798862d8ec1,,UG,0,"[""UG_WEB"", ""UGT_IOS"", ""UG_IOS"", ""UGT_ANDROID"", ""UG_ANDROID""]",A/B Welcome email with browser extension promo 22.01.24,,0,1,2,1,0,1706004929
16,,4570,,65f40b565286a6398ed573b6,,MU,0,"[""MS_WEB"", ""MS_IOS"", ""MS_ANDROID""]",Imported experiment [BLOOMREACH/65f40b565286a6398ed573b6],,0,1,2,1,0,1710589841
17,"{""metrics"": [], ""version"": ""0"", ""explosure"": """", ""dim_is_bot"": [""ALL""], ""dim_source"": [""UG_BLOOMREACH"", ""UGT_IOS"", ""UGT_ANDROID"", ""UG_WEB"", ""UGT_HUAWEI"", ""UG_IOS"", ""UG_ANDROID""], ""dim_country"": [""ALL""], ""dim_platform"": [""0"", ""1"", ""2"", ""3"", ""4""], ""dim_utm_term"": [""ALL""], ""ratio_metrics"": {""num"": [], ""denum"": [], ""method"": ""linear""}, ""dim_edu_rights"": [""ALL""], ""dim_edu_status"": [""ALL""], ""dim_pro_rights"": [""ALL""], ""dim_pro_status"": [""ALL""], ""dim_utm_medium"": [""ALL""], ""dim_utm_source"": [""ALL""], ""dim_sing_rights"": [""ALL""], ""dim_sing_status"": [""ALL""], ""dim_source_type"": [""ALL""], ""dim_utm_content"": [""ALL""], ""dim_utm_campaign"": [""ALL""], ""dim_source_screen"": [""ALL""], ""dim_bm_action_name"": [""ALL""], ""dim_bm_campaign_id"": [""ALL""], ""is_outlayer_filter"": [0, 0], ""exp_calc_start_date"": """", ""dim_bm_campaign_name"": [""ALL""], ""dim_user_autorization"": [""ALL""], ""dim_experiment_provider"": [""ALL""], ""dim_experiment_variation"": [""1"", ""2"", ""3"", ""4"", ""5""]}",4821,"project: ""https://alice.mu.se/pages/viewpage.action?pageId=494801734""",,,UG,0,"[""UG_ANDROID""]",[UG Монетизация] UG Android AU: price - increase prices for current subscriptions,App Start,0,1,2,0,0,1718996550
18,"{""metrics"": [], ""version"": ""0"", ""explosure"": ""tab_open_cnt"", ""dim_is_bot"": [""ALL""], ""dim_source"": [""UGT_IOS"", ""UGT_ANDROID""], ""dim_country"": [""ALL""], ""dim_platform"": [""ALL""], ""dim_utm_term"": [""ALL""], ""ratio_metrics"": {""num"": [], ""denum"": [], ""method"": ""linear""}, ""dim_edu_rights"": [""ALL""], ""dim_edu_status"": [""ALL""], ""dim_pro_rights"": [""ALL""], ""dim_pro_status"": [""ALL""], ""dim_utm_medium"": [""ALL""], ""dim_utm_source"": [""ALL""], ""dim_sing_rights"": [""ALL""], ""dim_sing_status"": [""ALL""], ""dim_source_type"": [""ALL""], ""dim_utm_content"": [""ALL""], ""dim_utm_campaign"": [""ALL""], ""dim_source_screen"": [""ALL""], ""dim_bm_action_name"": [""ALL""], ""dim_bm_campaign_id"": [""ALL""], ""is_outlayer_filter"": [0, 0], ""exp_calc_start_date"": """", ""dim_bm_campaign_name"": [""ALL""], ""dim_user_autorization"": [""ALL""], ""dim_experiment_provider"": [""ALL""], ""dim_experiment_variation"": [""1"", ""2""]}",4989,"https://alice.mu.se/pages/viewpage.action?pageId=425837908
",,"{""UGT_IOS"": [[""version"", ""7.0.49""]], ""UGT_ANDROID"": [[""version"", ""7.0.62""]]}",UG,0,"[""UGT_ANDROID"", ""UGT_IOS""]","[UG Продукт] UG App: Tab page redesign. Chords, Strumming patterns and Top navigation bar (2 iteration)",Tab Open,0,1,2,0,0,1722589874
19,,4564,,65f477d781b589031c0f07fb,,MU,0,"[""MS_WEB"", ""MS_IOS"", ""MS_ANDROID""]",Imported experiment [BLOOMREACH/65f477d781b589031c0f07fb],,0,1,2,1,0,1710589841
20,,3862,"project: ""https://alice.mu.se/pages/viewpage.action?pageId=334714770""",,"{""UGT_IOS"": [[""version"", ""7.0.16""]]}",UG,0,"[""UGT_IOS""]",[UG Монетизация] UG App: Tour - Tour Update Autograde,Tour Update View,0,1,2,0,0,1706429392
21,"{""metrics"": [], ""version"": ""0"", ""explosure"": """", ""dim_is_bot"": [""ALL""], ""dim_source"": [""UG_BLOOMREACH"", ""UGT_IOS"", ""UGT_ANDROID"", ""UG_WEB"", ""UGT_HUAWEI"", ""UG_IOS"", ""UG_ANDROID""], ""dim_country"": [""ALL""], ""dim_platform"": [""0"", ""1"", ""2"", ""3"", ""4""], ""dim_utm_term"": [""ALL""], ""ratio_metrics"": {""num"": [], ""denum"": [], ""method"": ""linear""}, ""dim_edu_rights"": [""ALL""], ""dim_edu_status"": [""ALL""], ""dim_pro_rights"": [""ALL""], ""dim_pro_status"": [""ALL""], ""dim_utm_medium"": [""ALL""], ""dim_utm_source"": [""ALL""], ""dim_sing_rights"": [""ALL""], ""dim_sing_status"": [""ALL""], ""dim_source_type"": [""ALL""], ""dim_utm_content"": [""ALL""], ""dim_utm_campaign"": [""ALL""], ""dim_source_screen"": [""ALL""], ""dim_bm_action_name"": [""ALL""], ""dim_bm_campaign_id"": [""ALL""], ""is_outlayer_filter"": [0, 0], ""exp_calc_start_date"": """", ""dim_bm_campaign_name"": [""ALL""], ""dim_user_autorization"": [""ALL""], ""dim_experiment_provider"": [""ALL""], ""dim_experiment_variation"": [""1"", ""2"", ""3"", ""4"", ""5""]}",4908,,,,UG,0,"[""UG_WEB""]",[UG ADV] Yahoo Connect ID,2024-07-10,0,1,2,0,0,1720599001
22,"""""",3595,,,"{""MS_IOS"": [[""country"", [""FR""]]], ""MS_ANDROID"": [[""country"", [""FR""]]]}",MU,0,"[""MS_ANDROID"", ""MS_IOS""]",AA Experiment Localisation France,,0,1,2,0,0,1695373851
23,,4966,,6691246d4efc89c77a40a9d9,,MU,0,"[""MS_WEB"", ""MS_IOS"", ""MS_ANDROID""]",Imported experiment [BLOOMREACH/6691246d4efc89c77a40a9d9],,0,1,2,1,0,1720800925
24,"{""metrics"": [], ""version"": ""0"", ""explosure"": """", ""dim_is_bot"": [""ALL""], ""dim_source"": [""UG_BLOOMREACH"", ""UGT_IOS"", ""UGT_ANDROID"", ""UG_WEB"", ""UGT_HUAWEI"", ""UG_IOS"", ""UG_ANDROID""], ""dim_country"": [""ALL""], ""dim_platform"": [""0"", ""1"", ""2"", ""3"", ""4""], ""dim_utm_term"": [""ALL""], ""ratio_metrics"": {""num"": [], ""denum"": [], ""method"": ""linear""}, ""dim_edu_rights"": [""ALL""], ""dim_edu_status"": [""ALL""], ""dim_pro_rights"": [""ALL""], ""dim_pro_status"": [""ALL""], ""dim_utm_medium"": [""ALL""], ""dim_utm_source"": [""ALL""], ""dim_sing_rights"": [""ALL""], ""dim_sing_status"": [""ALL""], ""dim_source_type"": [""ALL""], ""dim_utm_content"": [""ALL""], ""dim_utm_campaign"": [""ALL""], ""dim_source_screen"": [""ALL""], ""dim_bm_action_name"": [""ALL""], ""dim_bm_campaign_id"": [""ALL""], ""is_outlayer_filter"": [0, 0], ""exp_calc_start_date"": """", ""dim_bm_campaign_name"": [""ALL""], ""dim_user_autorization"": [""ALL""], ""dim_experiment_provider"": [""ALL""], ""dim_experiment_variation"": [""1"", ""2"", ""3"", ""4"", ""5""]}",4938,https://alice.mu.se/pages/viewpage.action?pageId=494812838,,"{""UGT_IOS"": [[""version"", ""7.0.49""]], ""UGT_ANDROID"": [[""version"", ""7.0.62""]]}",UG,0,"[""UGT_ANDROID"", ""UGT_IOS""]",[UG Монетизация] UG App: offboarding — canceling a subscription within the app,xxx,0,1,2,0,0,1722614743
25,"{""metrics"": [], ""explosure"": ""search_click_cnt"", ""dim_source"": [""UG_WEB""]}",4878,https://alice.mu.se/pages/viewpage.action?pageId=459895149,,,UG,0,"[""UG_WEB""]",[UG Product] UG Web. Extended suggestions and typos processing,Search Click,0,1,4,0,0,1721728714
26,,4510,,65e712fa78483a103e5bb564,,MU,0,"[""MS_WEB"", ""MS_IOS"", ""MS_ANDROID""]",Imported experiment [BLOOMREACH/65e712fa78483a103e5bb564],,0,1,2,1,0,1709658956
27,,4426,,65d357337f72ca6b144e0338,,MU,0,"[""MS_WEB"", ""MS_IOS"", ""MS_ANDROID""]",Imported experiment [BLOOMREACH/65d357337f72ca6b144e0338],,0,1,2,1,0,1708364340
28,,4405,,65c378dee7eb2e7972a70d32,,MU,0,"[""MS_WEB"", ""MS_IOS"", ""MS_ANDROID""]",Imported experiment [BLOOMREACH/65c378dee7eb2e7972a70d32],,0,1,2,1,0,1707922856
29,"{""metrics"": [], ""version"": ""0"", ""explosure"": ""dim_has_participated"", ""dim_source"": [""ALL""], ""dim_country"": [""ALL""], ""dim_platform"": [""ALL""], ""ratio_metrics"": {""num"": [], ""denum"": [], ""method"": ""linear""}, ""dim_device_type"": [""ALL""], ""dim_is_new_user"": [""ALL""], ""dim_is_authorised"": [""ALL""], ""is_outlayer_filter"": [0, 0], ""exp_calc_start_date"": """", ""dim_has_participated"": [""0"", ""1""], ""dim_has_subscription"": [""ALL""], ""dim_experiment_variation"": [""1"", ""2"", ""3"", ""4"", ""5""]}",5077,,,,MU,0,"[""MS_WEB""]",Money. Web. All. Remember attached Paypal for one time payments (iteration 1.2),,0,1,2,0,0,1723040826
30,"{""metrics"": [], ""version"": ""0"", ""explosure"": """", ""dim_is_bot"": [""ALL""], ""dim_source"": [""UG_BLOOMREACH"", ""UGT_IOS"", ""UGT_ANDROID"", ""UG_WEB"", ""UGT_HUAWEI"", ""UG_IOS"", ""UG_ANDROID""], ""dim_country"": [""ALL""], ""dim_platform"": [""0"", ""1"", ""2"", ""3"", ""4""], ""dim_utm_term"": [""ALL""], ""ratio_metrics"": {""num"": [], ""denum"": [], ""method"": ""linear""}, ""dim_edu_rights"": [""ALL""], ""dim_edu_status"": [""ALL""], ""dim_pro_rights"": [""ALL""], ""dim_pro_status"": [""ALL""], ""dim_utm_medium"": [""ALL""], ""dim_utm_source"": [""ALL""], ""dim_sing_rights"": [""ALL""], ""dim_sing_status"": [""ALL""], ""dim_source_type"": [""ALL""], ""dim_utm_content"": [""ALL""], ""dim_utm_campaign"": [""ALL""], ""dim_source_screen"": [""ALL""], ""dim_bm_action_name"": [""ALL""], ""dim_bm_campaign_id"": [""ALL""], ""is_outlayer_filter"": [0, 0], ""exp_calc_start_date"": """", ""dim_bm_campaign_name"": [""ALL""], ""dim_user_autorization"": [""ALL""], ""dim_experiment_provider"": [""ALL""], ""dim_experiment_variation"": [""1"", ""2"", ""3"", ""4"", ""5""]}",4542,https://alice.mu.se/pages/viewpage.action?pageId=425849912,,"{""UGT_IOS"": [[""version"", ""7.0.35""]], ""UGT_ANDROID"": [[""version"", ""7.0.47""]]}",UG,0,"[""UGT_ANDROID"", ""UGT_IOS""]",[UG Монетизация] Tour Update - Smart Scroll tour updates,Suitable For Tour Update,0,1,2,0,0,1715592117
31,"{""metrics"": [], ""explosure"": ""search_click_cnt"", ""dim_source"": [""UGT_IOS"", ""UGT_ANDROID""], ""dim_platform"": [""ALL""]}",4926,https://alice.mu.se/pages/viewpage.action?pageId=494818120,,"{""UGT_IOS"": [[""version"", ""7.0.47""]], ""UGT_ANDROID"": [[""version"", ""7.0.60""]]}",UG,0,"[""UGT_ANDROID"", ""UGT_IOS""]",[UG Product] UG APP. Fixed search,Search Click,0,1,2,0,1721209819,1721729158
32,,4609,,660599e94d2f27a50ac6413d,,MU,0,"[""MS_WEB"", ""MS_IOS"", ""MS_ANDROID""]",Imported experiment [BLOOMREACH/660599e94d2f27a50ac6413d],,0,1,2,1,0,1711646117
33,,4666,,6616684b1dfb5b01e6429778,,MU,0,"[""MS_WEB"", ""MS_IOS"", ""MS_ANDROID""]",Imported experiment [BLOOMREACH/6616684b1dfb5b01e6429778],,0,1,2,1,0,1712767083
34,,4465,,65ddfa9fcc5a067dcc44a755,,MU,0,"[""MS_WEB"", ""MS_IOS"", ""MS_ANDROID""]",Imported experiment [BLOOMREACH/65ddfa9fcc5a067dcc44a755],,0,1,2,1,0,1709054116
35,,4996,,6699079cbf17e055882819d1,,MU,0,"[""MS_WEB"", ""MS_IOS"", ""MS_ANDROID""]",Imported experiment [BLOOMREACH/6699079cbf17e055882819d1],,0,1,2,1,0,1721388648
36,"{""metrics"": [""tab_view_120s_cnt"", ""tab_view_12s_cnt"", ""tab_view_180s_cnt"", ""tab_view_60s_cnt"", ""tab_view_cnt""], ""version"": ""1"", ""explosure"": """", ""dim_is_bot"": [0], ""dim_source"": [""UG_BLOOMREACH"", ""UGT_IOS"", ""UGT_ANDROID"", ""UG_WEB"", ""UGT_HUAWEI"", ""UG_IOS"", ""UG_ANDROID""], ""dim_country"": [""ALL""], ""dim_platform"": [""0"", ""1"", ""2"", ""3"", ""4""], ""dim_utm_term"": [""ALL""], ""ratio_metrics"": {""num"": [], ""denum"": [], ""method"": ""linear""}, ""dim_edu_rights"": [""ALL""], ""dim_edu_status"": [""ALL""], ""dim_pro_rights"": [""ALL""], ""dim_pro_status"": [""ALL""], ""dim_utm_medium"": [""ALL""], ""dim_utm_source"": [""ALL""], ""dim_sing_rights"": [""ALL""], ""dim_sing_status"": [""ALL""], ""dim_source_type"": [""ALL""], ""dim_utm_content"": [""ALL""], ""dim_utm_campaign"": [""ALL""], ""dim_source_screen"": [""ALL""], ""dim_bm_action_name"": [""ALL""], ""dim_bm_campaign_id"": [""ALL""], ""is_outlayer_filter"": [0, 0], ""exp_calc_start_date"": """", ""dim_bm_campaign_name"": [""ALL""], ""dim_user_autorization"": [""ALL""], ""dim_experiment_provider"": [""ALL""], ""dim_experiment_variation"": [""1"", ""2"", ""3"", ""4"", ""5""]}",4701,https://alice.mu.se/pages/viewpage.action?pageId=389347196#id-[20240112]UGRedesign:Tabpageonweb[2024XXXX]-Analytics,,,UG,0,"[""UG_WEB""]",Placeholder experiment for Ads Tab page dashboard,App Start,0,1,2,0,0,1717164922
37,"{""metrics"": [], ""version"": ""0"", ""explosure"": ""dim_has_participated"", ""dim_source"": [""ALL""], ""dim_country"": [""ALL""], ""dim_platform"": [""ALL""], ""ratio_metrics"": {""num"": [], ""denum"": [], ""method"": ""linear""}, ""dim_device_type"": [""ALL""], ""dim_is_new_user"": [""ALL""], ""dim_is_authorised"": [""ALL""], ""is_outlayer_filter"": [0, 0], ""exp_calc_start_date"": """", ""dim_has_participated"": [""0"", ""1""], ""dim_has_subscription"": [""ALL""], ""dim_experiment_variation"": [""1"", ""2"", ""3"", ""4"", ""5""]}",4894,,,,MU,0,"[""MS_ANDROID""]",MONEY. APP. Android. Flo 3 iteration,,0,1,2,0,1721124992,1721901758
38,"{""metrics"": []}",5019,,66b0e1f64bbc2f85f9b9c171,,UG,0,"[""UG_WEB"", ""UGT_IOS"", ""UG_IOS"", ""UGT_ANDROID"", ""UG_ANDROID""]",A/B No timer PRO 5.08.24,,0,1,2,1,0,1722873733
39,"{""metrics"": [""tab_official_click_cnt"", ""tab_official_open_cnt"", ""tab_open_cnt"", ""tab_view_120s_cnt"", ""tab_view_12s_cnt"", ""tab_view_180s_cnt"", ""tab_view_60s_cnt""], ""version"": ""0"", ""explosure"": ""search_success_cnt"", ""dim_is_bot"": [""ALL""], ""dim_source"": [""UGT_IOS"", ""UGT_ANDROID""], ""dim_country"": [""ALL""], ""dim_platform"": [""2"", ""3""], ""dim_utm_term"": [""ALL""], ""ratio_metrics"": {""num"": [], ""denum"": [], ""method"": ""linear""}, ""dim_edu_rights"": [""ALL""], ""dim_edu_status"": [""ALL""], ""dim_pro_rights"": [""ALL""], ""dim_pro_status"": [""ALL""], ""dim_utm_medium"": [""ALL""], ""dim_utm_source"": [""ALL""], ""dim_sing_rights"": [""ALL""], ""dim_sing_status"": [""ALL""], ""dim_source_type"": [""ALL""], ""dim_utm_content"": [""ALL""], ""dim_utm_campaign"": [""ALL""], ""dim_source_screen"": [""ALL""], ""dim_bm_action_name"": [""ALL""], ""dim_bm_campaign_id"": [""ALL""], ""is_outlayer_filter"": [0, 0], ""exp_calc_start_date"": """", ""dim_bm_campaign_name"": [""ALL""], ""dim_user_autorization"": [""ALL""], ""dim_experiment_provider"": [""ALL""], ""dim_experiment_variation"": [""1"", ""2""]}",4962,https://alice.mu.se/pages/viewpage.action?pageId=459878229,,"{""UGT_IOS"": [[""version"", ""7.0.49""]], ""UGT_ANDROID"": [[""version"", ""7.0.62""]]}",UG,0,"[""UGT_ANDROID"", ""UGT_IOS""]",[UG Продукт] Apps: Transfer versions screen to the new Design system,Search Success,0,1,2,0,0,1722589755
40,"{""metrics"": [], ""version"": ""0"", ""explosure"": """", ""dim_is_bot"": [""ALL""], ""dim_source"": [""UGT_IOS"", ""UGT_ANDROID""], ""dim_country"": [""ALL""], ""dim_platform"": [""ALL""], ""dim_utm_term"": [""ALL""], ""ratio_metrics"": {""num"": [], ""denum"": [], ""method"": ""linear""}, ""dim_edu_rights"": [""ALL""], ""dim_edu_status"": [""ALL""], ""dim_pro_rights"": [""ALL""], ""dim_pro_status"": [""ALL""], ""dim_utm_medium"": [""ALL""], ""dim_utm_source"": [""ALL""], ""dim_sing_rights"": [""ALL""], ""dim_sing_status"": [""ALL""], ""dim_source_type"": [""ALL""], ""dim_utm_content"": [""ALL""], ""dim_utm_campaign"": [""ALL""], ""dim_source_screen"": [""ALL""], ""dim_bm_action_name"": [""ALL""], ""dim_bm_campaign_id"": [""ALL""], ""is_outlayer_filter"": [0, 0], ""exp_calc_start_date"": """", ""dim_bm_campaign_name"": [""ALL""], ""dim_user_autorization"": [""ALL""], ""dim_experiment_provider"": [""ALL""], ""dim_experiment_variation"": [""1"", ""2""]}",4683,,,,UG,0,"[""UGT_ANDROID"", ""UGT_IOS""]","[UG Продукт] UG App: Collins Brand Rollout: Colors, Typography, Border-radius (2 iter, WW)",App Start,0,1,2,0,0,1718204623
41,"{""metrics"": [], ""version"": ""0"", ""explosure"": ""dim_has_participated"", ""dim_source"": [""ALL""], ""dim_country"": [""ALL""], ""dim_platform"": [""ALL""], ""ratio_metrics"": {""num"": [], ""denum"": [], ""method"": ""linear""}, ""dim_device_type"": [""ALL""], ""dim_is_new_user"": [""ALL""], ""dim_is_authorised"": [""ALL""], ""is_outlayer_filter"": [0, 0], ""exp_calc_start_date"": """", ""dim_has_participated"": [""0"", ""1""], ""dim_has_subscription"": [""ALL""], ""dim_experiment_variation"": [""1"", ""2"", ""3"", ""4"", ""5""]}",5017,,,,MU,0,"[""MS_ANDROID""]",PRODUCT. App. Score Favorite button Android 2,,0,1,3,0,0,1722448546
42,"{""metrics"": [], ""version"": ""0"", ""explosure"": ""dim_has_participated"", ""dim_source"": [""ALL""], ""dim_country"": [""ALL""], ""dim_platform"": [""ALL""], ""ratio_metrics"": {""num"": [], ""denum"": [], ""method"": ""linear""}, ""dim_device_type"": [""ALL""], ""dim_is_new_user"": [""ALL""], ""dim_is_authorised"": [""ALL""], ""is_outlayer_filter"": [0, 0], ""exp_calc_start_date"": """", ""dim_has_participated"": [""0"", ""1""], ""dim_has_subscription"": [""ALL""], ""dim_experiment_variation"": [""1"", ""2"", ""3"", ""4"", ""5""]}",5071,,,,MU,0,"[""MS_IOS""]",MONEY. APP. iOS. Back to school,,0,1,2,0,0,1723029098
43,"{""metrics"": [], ""version"": ""0"", ""explosure"": ""dim_has_participated"", ""dim_source"": [""ALL""], ""dim_country"": [""ALL""], ""dim_platform"": [""ALL""], ""ratio_metrics"": {""num"": [], ""denum"": [], ""method"": ""linear""}, ""dim_device_type"": [""ALL""], ""dim_is_new_user"": [""ALL""], ""dim_is_authorised"": [""ALL""], ""is_outlayer_filter"": [0, 0], ""exp_calc_start_date"": """", ""dim_has_participated"": [""0"", ""1""], ""dim_has_subscription"": [""ALL""], ""dim_experiment_variation"": [""1"", ""2"", ""3"", ""4"", ""5""]}",5056,,,,MU,0,"[""MS_WEB""]",Money. Web. Desktop. Long landing quiz - multiple question about instruments,,0,1,2,0,0,1722848954
44,,4684,,661e3370d5a5098b9c031b87,,MU,0,"[""MS_WEB"", ""MS_IOS"", ""MS_ANDROID""]",Imported experiment [BLOOMREACH/661e3370d5a5098b9c031b87],,0,1,2,1,0,1713284208
45,,4594,,66014921e2ab781a01097165,,MU,0,"[""MS_WEB"", ""MS_IOS"", ""MS_ANDROID""]",Imported experiment [BLOOMREACH/66014921e2ab781a01097165],,0,1,2,1,0,1711386900
46,"{""metrics"": [], ""version"": ""0"", ""explosure"": """", ""dim_is_bot"": [""ALL""], ""dim_source"": [""UG_BLOOMREACH"", ""UGT_IOS"", ""UGT_ANDROID"", ""UG_WEB"", ""UGT_HUAWEI"", ""UG_IOS"", ""UG_ANDROID""], ""dim_country"": [""ALL""], ""dim_platform"": [""0"", ""1"", ""2"", ""3"", ""4""], ""dim_utm_term"": [""ALL""], ""ratio_metrics"": {""num"": [], ""denum"": [], ""method"": ""linear""}, ""dim_edu_rights"": [""ALL""], ""dim_edu_status"": [""ALL""], ""dim_pro_rights"": [""ALL""], ""dim_pro_status"": [""ALL""], ""dim_utm_medium"": [""ALL""], ""dim_utm_source"": [""ALL""], ""dim_sing_rights"": [""ALL""], ""dim_sing_status"": [""ALL""], ""dim_source_type"": [""ALL""], ""dim_utm_content"": [""ALL""], ""dim_utm_campaign"": [""ALL""], ""dim_source_screen"": [""ALL""], ""dim_bm_action_name"": [""ALL""], ""dim_bm_campaign_id"": [""ALL""], ""is_outlayer_filter"": [0, 0], ""exp_calc_start_date"": """", ""dim_bm_campaign_name"": [""ALL""], ""dim_user_autorization"": [""ALL""], ""dim_experiment_provider"": [""ALL""], ""dim_experiment_variation"": [""1"", ""2"", ""3"", ""4"", ""5""]}",4959,project: https://alice.mu.se/pages/viewpage.action?pageId=494829160,,"{""UG_WEB"": [[""platform"", [1]]]}",UG,0,"[""UG_WEB""]",[UG Monetization] UG WEB: landing — onboarding after access,PURCHASE_SUCCESS,0,1,2,0,0,1722358183
47,,4522,,65e87850ed914258eb79cff8,,MU,0,"[""MS_WEB"", ""MS_IOS"", ""MS_ANDROID""]",Imported experiment [BLOOMREACH/65e87850ed914258eb79cff8],,0,1,2,1,0,1709745339
48,"{""metrics"": [], ""version"": ""0"", ""explosure"": ""dim_has_participated"", ""dim_source"": [""ALL""], ""dim_country"": [""ALL""], ""dim_platform"": [""ALL""], ""ratio_metrics"": {""num"": [], ""denum"": [], ""method"": ""linear""}, ""dim_device_type"": [""ALL""], ""dim_is_new_user"": [""ALL""], ""dim_is_authorised"": [""ALL""], ""is_outlayer_filter"": [0, 0], ""exp_calc_start_date"": """", ""dim_has_participated"": [""0"", ""1""], ""dim_has_subscription"": [""ALL""], ""dim_experiment_variation"": [""1"", ""2"", ""3"", ""4"", ""5""]}",4873,,,,MU,0,"[""MS_WEB""]",PRODUCT. WEB. New download modal (Second iteration),,0,1,3,0,0,1719919462
49,"""""",3592,,,"{""MS_IOS"": [[""country"", [""GB""]]], ""MS_ANDROID"": [[""country"", [""GB""]]]}",MU,0,"[""MS_ANDROID"", ""MS_IOS""]",AA Experiment Localisation Great Britain ,,0,1,2,0,0,1695373858
50,,4867,,6666ea1ee4b0169b005d5451,,MU,0,"[""MS_WEB"", ""MS_IOS"", ""MS_ANDROID""]",Imported experiment [BLOOMREACH/6666ea1ee4b0169b005d5451],,0,1,2,1,0,1718203322
51,,4438,,65cb80aebea71361093f1498,,MU,0,"[""MS_WEB"", ""MS_IOS"", ""MS_ANDROID""]",Imported experiment [BLOOMREACH/65cb80aebea71361093f1498],,0,1,2,1,0,1708603557
52,,4336,,65bcd23c6d77a0b6de95cfad,,MU,0,"[""MS_WEB"", ""MS_IOS"", ""MS_ANDROID""]",02.02.24 Winter Sale PRO+ Long trial A/B middle inactive,,0,1,2,1,0,1706894077
53,"{""metrics"": [], ""version"": ""0"", ""explosure"": ""dim_has_participated"", ""dim_source"": [""ALL""], ""dim_country"": [""ALL""], ""dim_platform"": [""ALL""], ""ratio_metrics"": {""num"": [], ""denum"": [], ""method"": ""linear""}, ""dim_device_type"": [""ALL""], ""dim_is_new_user"": [""ALL""], ""dim_is_authorised"": [""ALL""], ""is_outlayer_filter"": [0, 0], ""exp_calc_start_date"": """", ""dim_has_participated"": [""0"", ""1""], ""dim_has_subscription"": [""ALL""], ""dim_experiment_variation"": [""1"", ""2"", ""3"", ""4"", ""5""]}",4888,,,,MU,0,"[""MS_WEB""]",PRODUCT. MU-Web-All. Audio for PDF scores / with new exp ID,,0,1,2,0,0,1719312603
54,,4615,,660680b3a39356d65200f3c9,,MU,0,"[""MS_WEB"", ""MS_IOS"", ""MS_ANDROID""]",Imported experiment [BLOOMREACH/660680b3a39356d65200f3c9],,0,1,2,1,0,1711728800
55,"{""metrics"": [], ""version"": ""0"", ""explosure"": ""dim_has_participated"", ""dim_source"": [""ALL""], ""dim_country"": [""ALL""], ""dim_platform"": [""ALL""], ""ratio_metrics"": {""num"": [], ""denum"": [], ""method"": ""linear""}, ""dim_device_type"": [""ALL""], ""dim_is_new_user"": [""ALL""], ""dim_is_authorised"": [""ALL""], ""is_outlayer_filter"": [0, 0], ""exp_calc_start_date"": """", ""dim_has_participated"": [""0"", ""1""], ""dim_has_subscription"": [""ALL""], ""dim_experiment_variation"": [""1"", ""2"", ""3"", ""4"", ""5""]}",4957,,,,MU,0,"[""MS_WEB""]",PRODUCT. WEB. Separate Hal Leonard scores from Official (3rd iteration),,0,1,2,0,0,1722862703
56,"{""metrics"": [], ""version"": ""0"", ""explosure"": """", ""dim_is_bot"": [""ALL""], ""dim_source"": [""UG_BLOOMREACH"", ""UGT_IOS"", ""UGT_ANDROID"", ""UG_WEB"", ""UGT_HUAWEI"", ""UG_IOS"", ""UG_ANDROID""], ""dim_country"": [""ALL""], ""dim_platform"": [""0"", ""1"", ""2"", ""3"", ""4""], ""dim_utm_term"": [""ALL""], ""ratio_metrics"": {""num"": [], ""denum"": [], ""method"": ""linear""}, ""dim_edu_rights"": [""ALL""], ""dim_edu_status"": [""ALL""], ""dim_pro_rights"": [""ALL""], ""dim_pro_status"": [""ALL""], ""dim_utm_medium"": [""ALL""], ""dim_utm_source"": [""ALL""], ""dim_sing_rights"": [""ALL""], ""dim_sing_status"": [""ALL""], ""dim_source_type"": [""ALL""], ""dim_utm_content"": [""ALL""], ""dim_utm_campaign"": [""ALL""], ""dim_source_screen"": [""ALL""], ""dim_bm_action_name"": [""ALL""], ""dim_bm_campaign_id"": [""ALL""], ""is_outlayer_filter"": [0, 0], ""exp_calc_start_date"": """", ""dim_bm_campaign_name"": [""ALL""], ""dim_user_autorization"": [""ALL""], ""dim_experiment_provider"": [""ALL""], ""dim_experiment_variation"": [""1"", ""2"", ""3"", ""4"", ""5""]}",4866,"project: ""https://alice.mu.se/pages/viewpage.action?pageId=340774268""",,"{""UGT_IOS"": [[""version"", ""7.0.47""]], ""UGT_ANDROID"": [[""version"", ""7.0.57""]]}",UG,0,"[""UGT_ANDROID"", ""UGT_IOS""]",[UG Монетизация] UG App: tour – dynamic pricing model,Banner Tour View,0,1,2,0,1721722209,1721770346
57,"{""metrics"": [], ""version"": ""0"", ""explosure"": ""dim_has_participated"", ""dim_source"": [""ALL""], ""dim_country"": [""ALL""], ""dim_platform"": [""ALL""], ""ratio_metrics"": {""num"": [], ""denum"": [], ""method"": ""linear""}, ""dim_device_type"": [""ALL""], ""dim_is_new_user"": [""ALL""], ""dim_is_authorised"": [""ALL""], ""is_outlayer_filter"": [0, 0], ""exp_calc_start_date"": """", ""dim_has_participated"": [""0"", ""1""], ""dim_has_subscription"": [""ALL""], ""dim_experiment_variation"": [""1"", ""2"", ""3"", ""4"", ""5""]}",5059,,,,MU,0,"[""MS_WEB""]",MONEY. MU WEB: Mobile apps like plans comparison - DESKTOP,,0,1,2,0,1723033818,1723034905
58,"{""metrics"": [], ""version"": ""0"", ""explosure"": ""dim_has_participated"", ""dim_source"": [""ALL""], ""dim_country"": [""ALL""], ""dim_platform"": [""ALL""], ""ratio_metrics"": {""num"": [], ""denum"": [], ""method"": ""linear""}, ""dim_device_type"": [""ALL""], ""dim_is_new_user"": [""ALL""], ""dim_is_authorised"": [""ALL""], ""is_outlayer_filter"": [0, 0], ""exp_calc_start_date"": """", ""dim_has_participated"": [""0"", ""1""], ""dim_has_subscription"": [""ALL""], ""dim_experiment_variation"": [""1"", ""2"", ""3"", ""4"", ""5""]}",4852,,,,MU,0,"[""MS_WEB""]",MONEY. MU Web. Raising prices for active subscribers,,0,1,4,0,0,1717703045
59,,4702,,661e3ac70f7eed35f38076a5,,MU,0,"[""MS_WEB"", ""MS_IOS"", ""MS_ANDROID""]",Imported experiment [BLOOMREACH/661e3ac70f7eed35f38076a5],,0,1,2,1,0,1713534746
60,,5041,,66a79960b0b41082b7b507d1,,MU,0,"[""MS_WEB"", ""MS_IOS"", ""MS_ANDROID""]",Imported experiment [BLOOMREACH/66a79960b0b41082b7b507d1],,0,1,2,1,1722423055,1722423115
61,"{""metrics"": []}",5007,,66acef10cf97bd859343b347,,UG,0,"[""UG_WEB"", ""UGT_IOS"", ""UG_IOS"", ""UGT_ANDROID"", ""UG_ANDROID""]",A/B decades 60s promotion for Pro/Lifetime mix users 4.08.24,,0,1,2,1,0,1722783761
62,,4576,,65f6db37dd4591acfb6b3a6c,,MU,0,"[""MS_WEB"", ""MS_IOS"", ""MS_ANDROID""]",Imported experiment [BLOOMREACH/65f6db37dd4591acfb6b3a6c],,0,1,2,1,0,1710782115
63,,4912,,667d612cc093d767b6c94ff9,,MU,0,"[""MS_WEB"", ""MS_IOS"", ""MS_ANDROID""]",Imported experiment [BLOOMREACH/667d612cc093d767b6c94ff9],,0,1,2,1,0,1719591398
64,"{""metrics"": [], ""version"": ""0"", ""explosure"": ""dim_has_participated"", ""dim_source"": [""ALL""], ""dim_country"": [""ALL""], ""dim_platform"": [""ALL""], ""ratio_metrics"": {""num"": [], ""denum"": [], ""method"": ""linear""}, ""dim_device_type"": [""ALL""], ""dim_is_new_user"": [""ALL""], ""dim_is_authorised"": [""ALL""], ""is_outlayer_filter"": [0, 0], ""exp_calc_start_date"": """", ""dim_has_participated"": [""0"", ""1""], ""dim_has_subscription"": [""ALL""], ""dim_experiment_variation"": [""1"", ""2"", ""3"", ""4"", ""5""]}",5002,,,,MU,0,"[""MS_WEB""]",Money. Web. All. Unrefundable download and print option,,0,1,2,0,1722247028,1722247035
65,,4969,,6690d254d0bb38b7a04a4350,,MU,0,"[""MS_WEB"", ""MS_IOS"", ""MS_ANDROID""]",Imported experiment [BLOOMREACH/6690d254d0bb38b7a04a4350],,0,1,2,1,0,1720802171
66,,4972,,668ff81617ef34901d37fcf3,,MU,0,"[""MS_WEB"", ""MS_IOS"", ""MS_ANDROID""]",Imported experiment [BLOOMREACH/668ff81617ef34901d37fcf3],,0,1,2,1,0,1720802806
67,"{""metrics"": [], ""version"": ""0"", ""explosure"": """", ""dim_is_bot"": [""ALL""], ""dim_source"": [""UG_BLOOMREACH"", ""UGT_IOS"", ""UGT_ANDROID"", ""UG_WEB"", ""UGT_HUAWEI"", ""UG_IOS"", ""UG_ANDROID""], ""dim_country"": [""ALL""], ""dim_platform"": [""0"", ""1"", ""2"", ""3"", ""4""], ""dim_utm_term"": [""ALL""], ""ratio_metrics"": {""num"": [], ""denum"": [], ""method"": ""linear""}, ""dim_edu_rights"": [""ALL""], ""dim_edu_status"": [""ALL""], ""dim_pro_rights"": [""ALL""], ""dim_pro_status"": [""ALL""], ""dim_utm_medium"": [""ALL""], ""dim_utm_source"": [""ALL""], ""dim_sing_rights"": [""ALL""], ""dim_sing_status"": [""ALL""], ""dim_source_type"": [""ALL""], ""dim_utm_content"": [""ALL""], ""dim_utm_campaign"": [""ALL""], ""dim_source_screen"": [""ALL""], ""dim_bm_action_name"": [""ALL""], ""dim_bm_campaign_id"": [""ALL""], ""is_outlayer_filter"": [0, 0], ""exp_calc_start_date"": """", ""dim_bm_campaign_name"": [""ALL""], ""dim_user_autorization"": [""ALL""], ""dim_experiment_provider"": [""ALL""], ""dim_experiment_variation"": [""1"", ""2"", ""3"", ""4"", ""5""]}",4947,count: 100,,"{""UGT_IOS"": [[""version"", ""7.0.39""]], ""UGT_ANDROID"": [[""version"", ""7.0.56""]]}",UG,0,"[""UGT_ANDROID"", ""UGT_IOS""]",[AD] Показ интерстишелов без ограничений для пользователей без подписки более 60 дней,App Start,0,1,2,0,0,1722243618
68,"{""metrics"": [], ""dim_source"": [""UG_WEB""]}",4710,,,,UG,0,"[""UG_WEB""]",Script for detecting bots based on front-end events,View,0,1,2,0,0,1717494368
69,"""""",3613,,,"{""MS_IOS"": [[""country"", [""KR""]]], ""MS_ANDROID"": [[""country"", [""KR""]]]}",MU,0,"[""MS_ANDROID"", ""MS_IOS""]",AA Experiment Localisation South Korea,,0,1,2,0,0,1695375954
70,"""""",3607,,,"{""MS_IOS"": [[""country"", [""BR""]]], ""MS_ANDROID"": [[""country"", [""BR""]]]}",MU,0,"[""MS_ANDROID"", ""MS_IOS""]",AA Experiment Localisation Brazil,,0,1,2,0,0,1695373828
71,,4639,,660e8c005da097b5469159c1,,MU,0,"[""MS_WEB"", ""MS_IOS"", ""MS_ANDROID""]",Imported experiment [BLOOMREACH/660e8c005da097b5469159c1],,0,1,2,1,0,1712247320
72,"""""",3604,,,"{""MS_IOS"": [[""country"", [""IT""]]], ""MS_ANDROID"": [[""country"", [""IT""]]]}",MU,0,"[""MS_ANDROID"", ""MS_IOS""]",AA Experiment Localisation Italy,,0,1,2,0,0,1695373834
73,"{""metrics"": [], ""version"": ""0"", ""explosure"": """", ""dim_is_bot"": [""ALL""], ""dim_source"": [""UG_BLOOMREACH"", ""UGT_IOS"", ""UGT_ANDROID"", ""UG_WEB"", ""UGT_HUAWEI"", ""UG_IOS"", ""UG_ANDROID""], ""dim_country"": [""ALL""], ""dim_platform"": [""0"", ""1"", ""2"", ""3"", ""4""], ""dim_utm_term"": [""ALL""], ""ratio_metrics"": {""num"": [], ""denum"": [], ""method"": ""linear""}, ""dim_edu_rights"": [""ALL""], ""dim_edu_status"": [""ALL""], ""dim_pro_rights"": [""ALL""], ""dim_pro_status"": [""ALL""], ""dim_utm_medium"": [""ALL""], ""dim_utm_source"": [""ALL""], ""dim_sing_rights"": [""ALL""], ""dim_sing_status"": [""ALL""], ""dim_source_type"": [""ALL""], ""dim_utm_content"": [""ALL""], ""dim_utm_campaign"": [""ALL""], ""dim_source_screen"": [""ALL""], ""dim_bm_action_name"": [""ALL""], ""dim_bm_campaign_id"": [""ALL""], ""is_outlayer_filter"": [0, 0], ""exp_calc_start_date"": """", ""dim_bm_campaign_name"": [""ALL""], ""dim_user_autorization"": [""ALL""], ""dim_experiment_provider"": [""ALL""], ""dim_experiment_variation"": [""1"", ""2"", ""3"", ""4"", ""5""]}",4980,https://alice.mu.se/pages/viewpage.action?pageId=459886471#,,"{""UG_WEB"": [[""platform"", [1]]]}",UG,0,"[""UG_WEB""]",[UG Monetization] UG Web: landing — 6 month instant # 3-iteration,Landing Plans View,0,1,3,0,1722250670,1722250673
74,"{""metrics"": [], ""version"": ""0"", ""explosure"": ""dim_has_participated"", ""dim_source"": [""ALL""], ""dim_country"": [""ALL""], ""dim_platform"": [""ALL""], ""ratio_metrics"": {""num"": [], ""denum"": [], ""method"": ""linear""}, ""dim_device_type"": [""ALL""], ""dim_is_new_user"": [""ALL""], ""dim_is_authorised"": [""ALL""], ""is_outlayer_filter"": [0, 0], ""exp_calc_start_date"": """", ""dim_has_participated"": [""0"", ""1""], ""dim_has_subscription"": [""ALL""], ""dim_experiment_variation"": [""1"", ""2"", ""3"", ""4"", ""5""]}",4891,,,,MU,0,"[""MS_IOS""]",MONEY. APP. iOS. Flo 3 iteration,,0,1,2,0,1721124998,1721901751
75,"{""metrics"": [], ""version"": ""0"", ""explosure"": ""dim_has_participated"", ""dim_source"": [""ALL""], ""dim_country"": [""ALL""], ""dim_platform"": [""ALL""], ""ratio_metrics"": {""num"": [], ""denum"": [], ""method"": ""linear""}, ""dim_device_type"": [""ALL""], ""dim_is_new_user"": [""ALL""], ""dim_is_authorised"": [""ALL""], ""is_outlayer_filter"": [0, 0], ""exp_calc_start_date"": """", ""dim_has_participated"": [""0"", ""1""], ""dim_has_subscription"": [""ALL""], ""dim_experiment_variation"": [""1"", ""2"", ""3"", ""4"", ""5""]}",4933,,,,MU,0,"[""MS_WEB""]",MU Core. Web. Browse localization: Worldwide,,0,1,2,0,0,1721918438
76,"""""",3601,,,"{""MS_IOS"": [[""country"", [""RU""]]], ""MS_ANDROID"": [[""country"", [""RU""]]]}",MU,0,"[""MS_ANDROID"", ""MS_IOS""]",AA Experiment Localisation Russia,,0,1,2,0,0,1695373838
77,,4390,,65ca37b0e92e6c1670a9cd19,,MU,0,"[""MS_WEB"", ""MS_IOS"", ""MS_ANDROID""]",12.02.24 Winter Sale PRO+ Collins A/B active,,0,1,2,1,0,1707758123
78,,4468,,65de09a25e8c8c47d5738e59,,MU,0,"[""MS_WEB"", ""MS_IOS"", ""MS_ANDROID""]",Imported experiment [BLOOMREACH/65de09a25e8c8c47d5738e59],,0,1,2,1,0,1709055627
79,"{""metrics"": [], ""version"": ""0"", ""explosure"": ""dim_has_participated"", ""dim_source"": [""ALL""], ""dim_country"": [""ALL""], ""dim_platform"": [""ALL""], ""ratio_metrics"": {""num"": [], ""denum"": [], ""method"": ""linear""}, ""dim_device_type"": [""ALL""], ""dim_is_new_user"": [""ALL""], ""dim_is_authorised"": [""ALL""], ""is_outlayer_filter"": [0, 0], ""exp_calc_start_date"": """", ""dim_has_participated"": [""0"", ""1""], ""dim_has_subscription"": [""ALL""], ""dim_experiment_variation"": [""1"", ""2"", ""3"", ""4"", ""5""]}",4909,,,,MU,0,"[""MS_WEB""]",PRODUCT. WEB. Growth Reverse-Engineered Score Recommendation,,0,1,2,0,0,1721231754
80,"""""",3583,,,"{""MS_IOS"": [[""country"", [""JP""]]], ""MS_ANDROID"": [[""country"", [""JP""]]]}",MU,0,"[""MS_ANDROID"", ""MS_IOS""]",AA Experiment Localisation Japan,,0,1,2,0,0,1695373872
81,"""""",3580,,,"{""MS_IOS"": [[""country"", [""CA""]]], ""MS_ANDROID"": [[""country"", [""CA""]]]}",MU,0,"[""MS_ANDROID"", ""MS_IOS""]",AA Experiment Localisation Canada,,0,1,2,0,0,1695373875
82,,2891,,646118c5898e3f9e01a97f96,,UG,0,"[""UG_WEB"", ""UGT_IOS"", ""UG_IOS"", ""UGT_ANDROID"", ""UG_ANDROID""]",Global control group,,0,1,2,1,0,1686150065
83,"{""metrics"": [], ""version"": ""0"", ""explosure"": """", ""dim_is_bot"": [""ALL""], ""dim_source"": [""UG_BLOOMREACH"", ""UGT_IOS"", ""UGT_ANDROID"", ""UG_WEB"", ""UGT_HUAWEI"", ""UG_IOS"", ""UG_ANDROID""], ""dim_country"": [""ALL""], ""dim_platform"": [""0"", ""1"", ""2"", ""3"", ""4""], ""dim_utm_term"": [""ALL""], ""ratio_metrics"": {""num"": [], ""denum"": [], ""method"": ""linear""}, ""dim_edu_rights"": [""ALL""], ""dim_edu_status"": [""ALL""], ""dim_pro_rights"": [""ALL""], ""dim_pro_status"": [""ALL""], ""dim_utm_medium"": [""ALL""], ""dim_utm_source"": [""ALL""], ""dim_sing_rights"": [""ALL""], ""dim_sing_status"": [""ALL""], ""dim_source_type"": [""ALL""], ""dim_utm_content"": [""ALL""], ""dim_utm_campaign"": [""ALL""], ""dim_source_screen"": [""ALL""], ""dim_bm_action_name"": [""ALL""], ""dim_bm_campaign_id"": [""ALL""], ""is_outlayer_filter"": [0, 0], ""exp_calc_start_date"": """", ""dim_bm_campaign_name"": [""ALL""], ""dim_user_autorization"": [""ALL""], ""dim_experiment_provider"": [""ALL""], ""dim_experiment_variation"": [""1"", ""2"", ""3"", ""4"", ""5""]}",4446,"project: ""https://alice.mu.se/pages/viewpage.action?pageId=389323051""",,"{""UGT_IOS"": [[""version"", ""7.0.33""]]}",UG,0,"[""UGT_IOS""]",[UG Монетизация] UG iOS: churn – winback right after cancel (Перезапуск),App Start,0,1,6,0,1715329986,1717165861
84,"{""metrics"": [], ""version"": ""0"", ""explosure"": ""dim_has_participated"", ""dim_source"": [""ALL""], ""dim_country"": [""ALL""], ""dim_platform"": [""ALL""], ""ratio_metrics"": {""num"": [], ""denum"": [], ""method"": ""linear""}, ""dim_device_type"": [""ALL""], ""dim_is_new_user"": [""ALL""], ""dim_is_authorised"": [""ALL""], ""is_outlayer_filter"": [0, 0], ""exp_calc_start_date"": """", ""dim_has_participated"": [""0"", ""1""], ""dim_has_subscription"": [""ALL""], ""dim_experiment_variation"": [""1"", ""2"", ""3"", ""4"", ""5""]}",4903,,,,MU,0,"[""MS_WEB""]",MONEY. MU Web. Raising prices for active subscribers — iteration 3,,0,1,4,0,0,1719579615
85,"{""metrics"": [], ""version"": ""0"", ""explosure"": ""dim_has_participated"", ""dim_source"": [""ALL""], ""dim_country"": [""ALL""], ""dim_platform"": [""ALL""], ""ratio_metrics"": {""num"": [], ""denum"": [], ""method"": ""linear""}, ""dim_device_type"": [""ALL""], ""dim_is_new_user"": [""ALL""], ""dim_is_authorised"": [""ALL""], ""is_outlayer_filter"": [0, 0], ""exp_calc_start_date"": """", ""dim_has_participated"": [""0"", ""1""], ""dim_has_subscription"": [""ALL""], ""dim_experiment_variation"": [""1"", ""2"", ""3"", ""4"", ""5""]}",4993,,,,MU,0,"[""MS_WEB""]",PRODUCT.WEB.Score PDF new fullscreen,,0,1,2,0,0,1722865112
86,"{""metrics"": [], ""version"": ""0"", ""explosure"": ""dim_has_participated"", ""dim_source"": [""ALL""], ""dim_country"": [""ALL""], ""dim_platform"": [""ALL""], ""ratio_metrics"": {""num"": [], ""denum"": [], ""method"": ""linear""}, ""dim_device_type"": [""ALL""], ""dim_is_new_user"": [""ALL""], ""dim_is_authorised"": [""ALL""], ""is_outlayer_filter"": [0, 0], ""exp_calc_start_date"": """", ""dim_has_participated"": [""0"", ""1""], ""dim_has_subscription"": [""ALL""], ""dim_experiment_variation"": [""1"", ""2"", ""3"", ""4"", ""5""]}",4939,,,,MU,0,"[""MS_ANDROID""]",PRODUCT. App. Play Bar - android experiment,,0,1,2,0,0,1720539653
87,,4747,,662ba7ad738d89b75425d27e,,MU,0,"[""MS_WEB"", ""MS_IOS"", ""MS_ANDROID""]",Imported experiment [BLOOMREACH/662ba7ad738d89b75425d27e],,0,1,2,1,0,1714147024
88,"{""metrics"": [], ""version"": ""0"", ""explosure"": """", ""dim_is_bot"": [""ALL""], ""dim_source"": [""UG_BLOOMREACH"", ""UGT_IOS"", ""UGT_ANDROID"", ""UG_WEB"", ""UGT_HUAWEI"", ""UG_IOS"", ""UG_ANDROID""], ""dim_country"": [""ALL""], ""dim_platform"": [""0"", ""1"", ""2"", ""3"", ""4""], ""dim_utm_term"": [""ALL""], ""ratio_metrics"": {""num"": [], ""denum"": [], ""method"": ""linear""}, ""dim_edu_rights"": [""ALL""], ""dim_edu_status"": [""ALL""], ""dim_pro_rights"": [""ALL""], ""dim_pro_status"": [""ALL""], ""dim_utm_medium"": [""ALL""], ""dim_utm_source"": [""ALL""], ""dim_sing_rights"": [""ALL""], ""dim_sing_status"": [""ALL""], ""dim_source_type"": [""ALL""], ""dim_utm_content"": [""ALL""], ""dim_utm_campaign"": [""ALL""], ""dim_source_screen"": [""ALL""], ""dim_bm_action_name"": [""ALL""], ""dim_bm_campaign_id"": [""ALL""], ""is_outlayer_filter"": [0, 0], ""exp_calc_start_date"": """", ""dim_bm_campaign_name"": [""ALL""], ""dim_user_autorization"": [""ALL""], ""dim_experiment_provider"": [""ALL""], ""dim_experiment_variation"": [""1"", ""2"", ""3"", ""4"", ""5""]}",4830,https://alice.mu.se/pages/viewpage.action?pageId=459878448,,"{""UGT_IOS"": [[""version"", ""7.0.43""]], ""UGT_ANDROID"": [[""version"", ""7.0.55""]]}",UG,0,"[""UGT_ANDROID"", ""UGT_IOS""]",[UG Product] ES-419 for onboarding and paywalls,App Start,0,1,2,0,1719827731,1719905630
89,"{""metrics"": [], ""version"": ""0"", ""explosure"": """", ""dim_is_bot"": [""ALL""], ""dim_source"": [""UG_BLOOMREACH"", ""UGT_IOS"", ""UGT_ANDROID"", ""UG_WEB"", ""UGT_HUAWEI"", ""UG_IOS"", ""UG_ANDROID""], ""dim_country"": [""ALL""], ""dim_platform"": [""0"", ""1"", ""2"", ""3"", ""4""], ""dim_utm_term"": [""ALL""], ""ratio_metrics"": {""num"": [], ""denum"": [], ""method"": ""linear""}, ""dim_edu_rights"": [""ALL""], ""dim_edu_status"": [""ALL""], ""dim_pro_rights"": [""ALL""], ""dim_pro_status"": [""ALL""], ""dim_utm_medium"": [""ALL""], ""dim_utm_source"": [""ALL""], ""dim_sing_rights"": [""ALL""], ""dim_sing_status"": [""ALL""], ""dim_source_type"": [""ALL""], ""dim_utm_content"": [""ALL""], ""dim_utm_campaign"": [""ALL""], ""dim_source_screen"": [""ALL""], ""dim_bm_action_name"": [""ALL""], ""dim_bm_campaign_id"": [""ALL""], ""is_outlayer_filter"": [0, 0], ""exp_calc_start_date"": """", ""dim_bm_campaign_name"": [""ALL""], ""dim_user_autorization"": [""ALL""], ""dim_experiment_provider"": [""ALL""], ""dim_experiment_variation"": [""1"", ""2"", ""3"", ""4"", ""5""]}",4785,,,,UG,0,"[""UG_WEB"", ""UGT_ANDROID"", ""UGT_IOS""]",[ug-be] ab test,START,0,1,2,0,0,1718613658
90,,4885,,6673f0e8fa6975e63454b0f8,,MU,0,"[""MS_WEB"", ""MS_IOS"", ""MS_ANDROID""]",Imported experiment [BLOOMREACH/6673f0e8fa6975e63454b0f8],,0,1,2,1,0,1718900742
91,,4372,,65c4e9bee2bc6a1f77262021,,MU,0,"[""MS_WEB"", ""MS_IOS"", ""MS_ANDROID""]",08.02.24 Winter Sale PRO+ Long trial A/B old sleeping,,0,1,2,1,0,1707413942
92,"{""metrics"": [], ""explosure"": ""search_click_cnt"", ""dim_source"": [""UGT_IOS"", ""UGT_ANDROID""], ""dim_platform"": [""ALL""], ""exp_calc_start_date"": ""2024-08-01""}",4992,https://alice.mu.se/pages/viewpage.action?pageId=494801629,,,UG,0,"[""UGT_ANDROID"", ""UGT_IOS""]",[UG Product] UG App. Elastic Search in APPS - Relaunch,Search Click,0,1,2,0,0,1722347939
93,,4585,,65fa9e7c24b04db9827eb1ca,,MU,0,"[""MS_WEB"", ""MS_IOS"", ""MS_ANDROID""]",Imported experiment [BLOOMREACH/65fa9e7c24b04db9827eb1ca],,0,1,2,1,0,1711025157
94,,4696,,6620f6d185dba09ded14aece,,MU,0,"[""MS_WEB"", ""MS_IOS"", ""MS_ANDROID""]",Imported experiment [BLOOMREACH/6620f6d185dba09ded14aece],,0,1,2,1,0,1713457684
95,,3574,"project: ""https://alice.mu.se/pages/viewpage.action?pageId=323816847""",,"{""UGT_IOS"": [[""version"", ""7.0.2""]], ""UGT_ANDROID"": [[""version"", ""7.0.3""]]}",UG,0,"[""UGT_ANDROID"", ""UGT_IOS""]",[UG Монетизация] UG App: Tour - Короткий Tour Update XTZ3 для Pro-юзеров,Tour Update View,0,1,2,0,0,1698654646
96,"{""metrics"": []}",5013,,66abe0f0fab32f8e0771fa4d,,UG,0,"[""UG_WEB"", ""UGT_IOS"", ""UG_IOS"", ""UGT_ANDROID"", ""UG_ANDROID""]",A/B decades 90s promotion for Nonpaying users 4.08.24,,0,1,2,1,0,1722787325
97,"{""metrics"": [], ""version"": ""0"", ""explosure"": ""dim_has_participated"", ""dim_source"": [""ALL""], ""dim_country"": [""ALL""], ""dim_platform"": [""ALL""], ""ratio_metrics"": {""num"": [], ""denum"": [], ""method"": ""linear""}, ""dim_device_type"": [""ALL""], ""dim_is_new_user"": [""ALL""], ""dim_is_authorised"": [""ALL""], ""is_outlayer_filter"": [0, 0], ""exp_calc_start_date"": """", ""dim_has_participated"": [""0"", ""1""], ""dim_has_subscription"": [""ALL""], ""dim_experiment_variation"": [""1"", ""2"", ""3"", ""4"", ""5""]}",5020,,,,MU,0,"[""MS_WEB""]",MONEY. MU CRM. Winback users with cancelled auto-renew MuseScore — paypal restores,,0,1,2,0,1722614569,1722866581
98,"{""metrics"": [], ""version"": ""0"", ""explosure"": """", ""dim_is_bot"": [""ALL""], ""dim_source"": [""UG_BLOOMREACH"", ""UGT_IOS"", ""UGT_ANDROID"", ""UG_WEB"", ""UGT_HUAWEI"", ""UG_IOS"", ""UG_ANDROID""], ""dim_country"": [""ALL""], ""dim_platform"": [""0"", ""1"", ""2"", ""3"", ""4""], ""dim_utm_term"": [""ALL""], ""ratio_metrics"": {""num"": [], ""denum"": [], ""method"": ""linear""}, ""dim_edu_rights"": [""ALL""], ""dim_edu_status"": [""ALL""], ""dim_pro_rights"": [""ALL""], ""dim_pro_status"": [""ALL""], ""dim_utm_medium"": [""ALL""], ""dim_utm_source"": [""ALL""], ""dim_sing_rights"": [""ALL""], ""dim_sing_status"": [""ALL""], ""dim_source_type"": [""ALL""], ""dim_utm_content"": [""ALL""], ""dim_utm_campaign"": [""ALL""], ""dim_source_screen"": [""ALL""], ""dim_bm_action_name"": [""ALL""], ""dim_bm_campaign_id"": [""ALL""], ""is_outlayer_filter"": [0, 0], ""exp_calc_start_date"": """", ""dim_bm_campaign_name"": [""ALL""], ""dim_user_autorization"": [""ALL""], ""dim_experiment_provider"": [""ALL""], ""dim_experiment_variation"": [""1"", ""2"", ""3"", ""4"", ""5""]}",4800,,,,UG,0,"[""UG_ANDROID"", ""UG_IOS""]",[ug-be] ab test 2,START,0,1,2,0,0,1718709549
99,"{""metrics"": [], ""version"": ""0"", ""explosure"": """", ""dim_is_bot"": [""ALL""], ""dim_source"": [""UG_BLOOMREACH"", ""UGT_IOS"", ""UGT_ANDROID"", ""UG_WEB"", ""UGT_HUAWEI"", ""UG_IOS"", ""UG_ANDROID""], ""dim_country"": [""ALL""], ""dim_platform"": [""0"", ""1"", ""2"", ""3"", ""4""], ""dim_utm_term"": [""ALL""], ""ratio_metrics"": {""num"": [], ""denum"": [], ""method"": ""linear""}, ""dim_edu_rights"": [""ALL""], ""dim_edu_status"": [""ALL""], ""dim_pro_rights"": [""ALL""], ""dim_pro_status"": [""ALL""], ""dim_utm_medium"": [""ALL""], ""dim_utm_source"": [""ALL""], ""dim_sing_rights"": [""ALL""], ""dim_sing_status"": [""ALL""], ""dim_source_type"": [""ALL""], ""dim_utm_content"": [""ALL""], ""dim_utm_campaign"": [""ALL""], ""dim_source_screen"": [""ALL""], ""dim_bm_action_name"": [""ALL""], ""dim_bm_campaign_id"": [""ALL""], ""is_outlayer_filter"": [0, 0], ""exp_calc_start_date"": """", ""dim_bm_campaign_name"": [""ALL""], ""dim_user_autorization"": [""ALL""], ""dim_experiment_provider"": [""ALL""], ""dim_experiment_variation"": [""1"", ""2"", ""3"", ""4"", ""5""]}",4488,,,,UG,0,"[""UG_WEB""]",[dev] Перевод bidding в storeChunk на новую архитектуру,17-04-2024,0,1,2,0,1713439121,1713450566
100,,4150,,6582f1777ab92a58eee16288,,MU,0,"[""MS_WEB"", ""MS_IOS"", ""MS_ANDROID""]",20.12.23 Trial email PRO web+app,,0,1,2,1,0,1703087252
101,,4591,,65fc1e248b283f343dc6ab38,,MU,0,"[""MS_WEB"", ""MS_IOS"", ""MS_ANDROID""]",Imported experiment [BLOOMREACH/65fc1e248b283f343dc6ab38],,0,1,2,1,0,1711041349
102,,4573,,65f473ea8eeaa0af3ce309b3,,MU,0,"[""MS_WEB"", ""MS_IOS"", ""MS_ANDROID""]",Imported experiment [BLOOMREACH/65f473ea8eeaa0af3ce309b3],,0,1,2,1,0,1710589841
103,"{""metrics"": [], ""version"": ""0"", ""explosure"": """", ""dim_is_bot"": [""ALL""], ""dim_source"": [""UG_BLOOMREACH"", ""UGT_IOS"", ""UGT_ANDROID"", ""UG_WEB"", ""UGT_HUAWEI"", ""UG_IOS"", ""UG_ANDROID""], ""dim_country"": [""ALL""], ""dim_platform"": [""0"", ""1"", ""2"", ""3"", ""4""], ""dim_utm_term"": [""ALL""], ""ratio_metrics"": {""num"": [], ""denum"": [], ""method"": ""linear""}, ""dim_edu_rights"": [""ALL""], ""dim_edu_status"": [""ALL""], ""dim_pro_rights"": [""ALL""], ""dim_pro_status"": [""ALL""], ""dim_utm_medium"": [""ALL""], ""dim_utm_source"": [""ALL""], ""dim_sing_rights"": [""ALL""], ""dim_sing_status"": [""ALL""], ""dim_source_type"": [""ALL""], ""dim_utm_content"": [""ALL""], ""dim_utm_campaign"": [""ALL""], ""dim_source_screen"": [""ALL""], ""dim_bm_action_name"": [""ALL""], ""dim_bm_campaign_id"": [""ALL""], ""is_outlayer_filter"": [0, 0], ""exp_calc_start_date"": """", ""dim_bm_campaign_name"": [""ALL""], ""dim_user_autorization"": [""ALL""], ""dim_experiment_provider"": [""ALL""], ""dim_experiment_variation"": [""1"", ""2"", ""3"", ""4"", ""5""]}",4896,"project: ""https://alice.mu.se/pages/viewpage.action?pageId=494809528""",,"{""UGT_IOS"": [[""version"", ""7.0.48""]], ""UGT_ANDROID"": [[""version"", ""7.0.61""]]}",UG,0,"[""UGT_ANDROID"", ""UGT_IOS""]",[UG Monetization] UG App: Tour - Tutorials upsell,Banner Tour View,0,1,2,0,0,1722262439
104,,4624,,660c1f421c13c188bb2bf8a2,,MU,0,"[""MS_WEB"", ""MS_IOS"", ""MS_ANDROID""]",Imported experiment [BLOOMREACH/660c1f421c13c188bb2bf8a2],,0,1,2,1,0,1712074532
105,"{""metrics"": [], ""version"": ""0"", ""explosure"": ""dim_has_participated"", ""dim_source"": [""ALL""], ""dim_country"": [""ALL""], ""dim_platform"": [""ALL""], ""ratio_metrics"": {""num"": [], ""denum"": [], ""method"": ""linear""}, ""dim_device_type"": [""ALL""], ""dim_is_new_user"": [""ALL""], ""dim_is_authorised"": [""ALL""], ""is_outlayer_filter"": [0, 0], ""exp_calc_start_date"": """", ""dim_has_participated"": [""0"", ""1""], ""dim_has_subscription"": [""ALL""], ""dim_experiment_variation"": [""1"", ""2"", ""3"", ""4"", ""5""]}",5038,,,,MU,0,"[""MS_WEB""]",Money. Web. Abonements for Digital Books,,0,1,3,0,0,1723043846
106,"{""metrics"": [], ""version"": ""0"", ""explosure"": """", ""dim_is_bot"": [""ALL""], ""dim_source"": [""UG_BLOOMREACH"", ""UGT_IOS"", ""UGT_ANDROID"", ""UG_WEB"", ""UGT_HUAWEI"", ""UG_IOS"", ""UG_ANDROID""], ""dim_country"": [""ALL""], ""dim_platform"": [""0"", ""1"", ""2"", ""3"", ""4""], ""dim_utm_term"": [""ALL""], ""ratio_metrics"": {""num"": [], ""denum"": [], ""method"": ""linear""}, ""dim_edu_rights"": [""ALL""], ""dim_edu_status"": [""ALL""], ""dim_pro_rights"": [""ALL""], ""dim_pro_status"": [""ALL""], ""dim_utm_medium"": [""ALL""], ""dim_utm_source"": [""ALL""], ""dim_sing_rights"": [""ALL""], ""dim_sing_status"": [""ALL""], ""dim_source_type"": [""ALL""], ""dim_utm_content"": [""ALL""], ""dim_utm_campaign"": [""ALL""], ""dim_source_screen"": [""ALL""], ""dim_bm_action_name"": [""ALL""], ""dim_bm_campaign_id"": [""ALL""], ""is_outlayer_filter"": [0, 0], ""exp_calc_start_date"": """", ""dim_bm_campaign_name"": [""ALL""], ""dim_user_autorization"": [""ALL""], ""dim_experiment_provider"": [""ALL""], ""dim_experiment_variation"": [""1"", ""2"", ""3"", ""4"", ""5""]}",4881,https://alice.mu.se/pages/viewpage.action?pageId=494814392,,,UG,0,"[""UG_WEB""]",[UG Monetization] UG WEB: Increase prices for current subscriptions,Suitable For Price Increase,0,1,3,0,0,1720178560
107,"""""",3589,,,"{""MS_IOS"": [[""country"", [""DE""]]], ""MS_ANDROID"": [[""country"", [""DE""]]]}",MU,0,"[""MS_ANDROID"", ""MS_IOS""]",AA Experiment Localisation Germany,,0,1,2,0,0,1695373863
108,,4492,,65e0a1a28420c3932735ba58,,MU,0,"[""MS_WEB"", ""MS_IOS"", ""MS_ANDROID""]",Imported experiment [BLOOMREACH/65e0a1a28420c3932735ba58],,0,1,2,1,0,1709227222
